EXP;SimulationFolder;Scenario;ProbeID;Timestamp;Free Flow Speed [m/sec];Jam Density;Opt Density;N Generations;N Repeat;N Population;N MatingParents;k Selection;Mutation Probabilities;RMSE (NonMaked);MAE (NonMaked);RMSE (Masked);MAE (Masked);CTM RMSE (Masked);CTM MAE (Masked)
1;Scenario-1_test0_21-36;Scenario-1;test0;21-36;10;0.15;0.0396544144;100;3;500;200;5;0.7-0.1;0.023413623062815008;0.0077182962053007655;0.0033768377156988584;0.0007905230017238133;0.0030921052812519765;0.0006735292799999999
2;Scenario-1_test10_621-637;Scenario-1;test10;621-637;10;0.15;0.0396544144;100;3;500;200;5;0.7-0.1;0.025087580041048788;0.01694252864974582;0.009644969901694073;0.0051242275888819504;0.005395875098657624;0.0028148288768702666
3;Scenario-1_test11_686-698;Scenario-1;test11;686-698;10;0.15;0.0396544144;100;3;500;200;5;0.7-0.1;0.023584483485556338;0.01675224532825391;0.01930907260598809;0.008076656689260055;0.00879453126796934;0.003912243684277141
4;Scenario-1_test12_741-757;Scenario-1;test12;741-757;10;0.15;0.0396544144;100;3;500;200;5;0.7-0.1;0.01941528093009715;0.013192530359984954;0.010131087702084225;0.004944541732987243;0.008897729714356517;0.004052774009753955
5;Scenario-1_test13_801-817;Scenario-1;test13;801-817;10;0.15;0.0396544144;100;3;500;200;5;0.7-0.1;0.027360758332302813;0.02114200661063269;0.01238905407309101;0.007431642990599201;0.011040492818640358;0.005938832513607073
6;Scenario-1_test14_861-877;Scenario-1;test14;861-877;10;0.15;0.0396544144;100;3;500;200;5;0.7-0.1;0.02309423997852696;0.0169976331901575;0.011665798814002254;0.00609695043636103;0.009469872688037097;0.004365940330507646
7;Scenario-1_test15_921-938;Scenario-1;test15;921-938;10;0.15;0.0396544144;100;3;500;200;5;0.7-0.1;0.02238855333399715;0.018371500101650586;0.008475747393777768;0.004748082334512519;0.008814994651163937;0.004101707682969017
8;Scenario-1_test16_981-996;Scenario-1;test16;981-996;10;0.15;0.0396544144;100;3;500;200;5;0.7-0.1;0.02080157459353594;0.01753166474242014;0.01214616433241743;0.0069124094221918835;0.009436528041284142;0.00472157665097632
9;Scenario-1_test17_1041-1057;Scenario-1;test17;1041-1057;10;0.15;0.0396544144;100;3;500;200;5;0.7-0.1;0.021055442341782978;0.01697639140746812;0.011117706139199572;0.006870548766522188;0.012417059903949097;0.00733519202808343
10;Scenario-1_test18_1101-1117;Scenario-1;test18;1101-1117;10;0.15;0.0396544144;100;3;500;200;5;0.7-0.1;0.020433232972765596;0.01578540421618403;0.009625465945467716;0.005424280776871999;0.00787965665347707;0.0041630685119159235
11;Scenario-1_test19_1161-1176;Scenario-1;test19;1161-1176;10;0.15;0.0396544144;100;3;500;200;5;0.7-0.1;0.021591326645192914;0.017039024241463314;0.008273702228766484;0.0042392910612120424;0.007994595197538272;0.003715042507605542
12;Scenario-1_test1_81-96;Scenario-1;test1;81-96;10;0.15;0.0396544144;100;3;500;200;5;0.7-0.1;0.025033020277072125;0.017484834702489193;0.010628440517863703;0.005729934692607719;0.010510442460901652;0.004948974392837917
13;Scenario-1_test2_141-158;Scenario-1;test2;141-158;10;0.15;0.0396544144;100;3;500;200;5;0.7-0.1;0.019235563683845894;0.012212101577475206;0.006744411711983955;0.002207140926128151;0.0041471427821398645;0.00204605418492524
14;Scenario-1_test3_201-217;Scenario-1;test3;201-217;10;0.15;0.0396544144;100;3;500;200;5;0.7-0.1;0.023257195605275446;0.018613186382588236;0.015073105599761152;0.00854303286634937;0.012973945450361294;0.006825824399538807
15;Scenario-1_test4_261-277;Scenario-1;test4;261-277;10;0.15;0.0396544144;100;3;500;200;5;0.7-0.1;0.023867340036486603;0.018086959309252082;0.01076724057680711;0.005826743082429288;0.006324812919390787;0.003144886750789124
16;Scenario-1_test5_321-337;Scenario-1;test5;321-337;10;0.15;0.0396544144;100;3;500;200;5;0.7-0.1;0.019465953227637677;0.014077789976290256;0.006998809567678922;0.0036558712525320385;0.00818969408870146;0.0035657409890205464
17;Scenario-1_test6_381-397;Scenario-1;test6;381-397;10;0.15;0.0396544144;100;3;500;200;5;0.7-0.1;0.01868621948222794;0.012524451348407718;0.008641293619023526;0.004262587696753109;0.007639583589271779;0.0037423381091492747
18;Scenario-1_test7_441-456;Scenario-1;test7;441-456;10;0.15;0.0396544144;100;3;500;200;5;0.7-0.1;0.029903752025456164;0.019754900739755926;0.022736215008807435;0.010255737369859118;0.008808884767937798;0.004588110294262175
19;Scenario-1_test8_505-518;Scenario-1;test8;505-518;10;0.15;0.0396544144;100;3;500;200;5;0.7-0.1;0.015852313306665238;0.012671346533097181;0.011537958915307798;0.00565191073045656;0.01081753120397579;0.005088820285743522
20;Scenario-1_test9_561-576;Scenario-1;test9;561-576;10;0.15;0.0396544144;100;3;500;200;5;0.7-0.1;0.0228055498688086;0.018438210105749482;0.019068717699698343;0.01105238962316475;0.014022780311268536;0.007724565358752019
21;Scenario-2_test0_21-36;Scenario-2;test0;21-36;10;0.15;0.0396544144;100;3;500;200;5;0.7-0.1;0.015694075821827323;0.012013975880439107;0.01176102307869588;0.006240167470610596;0.007732516314433354;0.004104899076829259
22;Scenario-2_test10_621-637;Scenario-2;test10;621-637;10;0.15;0.0396544144;100;3;500;200;5;0.7-0.1;0.01657718701580568;0.01328109026369675;0.01099214392169751;0.006127709181029552;0.010649331685180336;0.005685027815035391
23;Scenario-2_test11_681-697;Scenario-2;test11;681-697;10;0.15;0.0396544144;100;3;500;200;5;0.7-0.1;0.022726768835458395;0.017435532338104884;0.016671278700731415;0.009124261520688605;0.010375820646035245;0.005398878951959304
24;Scenario-2_test12_748-780;Scenario-2;test12;748-780;10;0.15;0.0396544144;100;3;500;200;5;0.7-0.1;0.04786621473651079;0.03754443789415299;0.0064364566101604796;0.002212610363163447;0.005445594350323596;0.0016169442814408066
25;Scenario-2_test13_806-819;Scenario-2;test13;806-819;10;0.15;0.0396544144;100;3;500;200;5;0.7-0.1;0.020650253253652398;0.014042996896988735;0.014116088714760085;0.00650525653230641;0.006187268448081692;0.0030701088003660124
26;Scenario-2_test14_861-876;Scenario-2;test14;861-876;10;0.15;0.0396544144;100;3;500;200;5;0.7-0.1;0.026026478905429126;0.01829386994520767;0.018896342119673008;0.008897688436829289;0.010264567185637865;0.005151102197850678
27;Scenario-2_test15_925-938;Scenario-2;test15;925-938;10;0.15;0.0396544144;100;3;500;200;5;0.7-0.1;0.01773473467560074;0.012877943015889416;0.011047771364855607;0.0057953565444274465;0.008534837416366979;0.0041851459048982895
28;Scenario-2_test16_981-997;Scenario-2;test16;981-997;10;0.15;0.0396544144;100;3;500;200;5;0.7-0.1;0.016301586887307255;0.011757570832956341;0.011611544567591682;0.005677918440127633;0.01039535521254527;0.004997270378450571
29;Scenario-2_test17_1041-1056;Scenario-2;test17;1041-1056;10;0.15;0.0396544144;100;3;500;200;5;0.7-0.1;0.02597377974827977;0.018964257346623107;0.010122760480236241;0.004927430632869671;0.009654351815432541;0.004550139504236422
30;Scenario-2_test18_1101-1117;Scenario-2;test18;1101-1117;10;0.15;0.0396544144;100;3;500;200;5;0.7-0.1;0.029493398593896;0.021820500726531585;0.009731003300841274;0.004831809618396312;0.008720010148461422;0.004155527796192788
31;Scenario-2_test19_1165-1177;Scenario-2;test19;1165-1177;10;0.15;0.0396544144;100;3;500;200;5;0.7-0.1;0.032986425405538575;0.02478823414495826;0.007559616480477519;0.0035202855608425392;0.006591941283714513;0.003269245934640631
32;Scenario-2_test1_81-97;Scenario-2;test1;81-97;10;0.15;0.0396544144;100;3;500;200;5;0.7-0.1;0.025256717095032556;0.01783456422710584;0.008832716523349837;0.004658399002512641;0.006435511488729875;0.0029382032966960613
33;Scenario-2_test2_141-157;Scenario-2;test2;141-157;10;0.15;0.0396544144;100;3;500;200;5;0.7-0.1;0.02102777528518696;0.01647173438760713;0.013374986660604693;0.007792337959059153;0.0128666347976776;0.006654682169754892
34;Scenario-2_test3_201-217;Scenario-2;test3;201-217;10;0.15;0.0396544144;100;3;500;200;5;0.7-0.1;0.022860525721841177;0.018125812475867868;0.012454929805420206;0.006824223696462019;0.009884097408390089;0.005282615821860818
35;Scenario-2_test4_266-279;Scenario-2;test4;266-279;10;0.15;0.0396544144;100;3;500;200;5;0.7-0.1;0.019694308419935965;0.013943152856517298;0.01101299003551681;0.005180885100625249;0.008722213370536807;0.0032385760546296536
36;Scenario-2_test5_321-337;Scenario-2;test5;321-337;10;0.15;0.0396544144;100;3;500;200;5;0.7-0.1;0.016502771547316317;0.013247659115969028;0.012426015041282459;0.007662415626186011;0.007801698143060105;0.004308766339250137
37;Scenario-2_test6_381-396;Scenario-2;test6;381-396;10;0.15;0.0396544144;100;3;500;200;5;0.7-0.1;0.029896645398515262;0.022404653126233433;0.021381035063142262;0.009711115176023405;0.007265251612895965;0.003343004948600547
38;Scenario-2_test7_441-456;Scenario-2;test7;441-456;10;0.15;0.0396544144;100;3;500;200;5;0.7-0.1;0.02389314847385466;0.016656572159982796;0.011314981365640284;0.005872468081850086;0.008114078460006053;0.004257700007310773
39;Scenario-2_test8_501-516;Scenario-2;test8;501-516;10;0.15;0.0396544144;100;3;500;200;5;0.7-0.1;0.02016839981196411;0.015363853811819485;0.011163326996810734;0.006100180277823726;0.010383477028429258;0.005778380090786368
40;Scenario-2_test9_565-578;Scenario-2;test9;565-578;10;0.15;0.0396544144;100;3;500;200;5;0.7-0.1;0.01764969121170435;0.013041185284088565;0.0106485278180959;0.004797537874782125;0.0056894699869601125;0.0027185956997382295
41;Scenario-3_test0_21-36;Scenario-3;test0;21-36;10;0.15;0.0396544144;100;3;500;200;5;0.7-0.1;0.010138397324154287;0.005423069152071313;0.0036982129606310697;0.0014700587914658208;0.00435238447175114;0.0018840681214878237
42;Scenario-3_test10_763-792;Scenario-3;test10;763-792;10;0.15;0.0396544144;100;3;500;200;5;0.7-0.1;0.023080819507595114;0.01493084671402265;0.0071533107457203565;0.0019679965740696374;0.006236488503923635;0.0014636836935315839
43;Scenario-3_test11_829-862;Scenario-3;test11;829-862;10;0.15;0.0396544144;100;3;500;200;5;0.7-0.1;0.0418557417066476;0.024420002630332782;0.0053849340495273025;0.002121995008076128;0.007620356622577359;0.002687715952941176
44;Scenario-3_test12_921-936;Scenario-3;test12;921-936;10;0.15;0.0396544144;100;3;500;200;5;0.7-0.1;0.029743690878912377;0.021585753849539757;0.019650059503014586;0.009421371105124383;0.009027100177399085;0.00449826779848253
45;Scenario-3_test13_958-986;Scenario-3;test13;958-986;10;0.15;0.0396544144;100;3;500;200;5;0.7-0.1;0.04283206465178306;0.025352807908906805;0.008958995134089067;0.004996317828386671;0.01383548770765838;0.007383387023201494
46;Scenario-3_test14_1055-1085;Scenario-3;test14;1055-1085;10;0.15;0.0396544144;100;3;500;200;5;0.7-0.1;0.04869428138108322;0.0400247983499721;0.0046003817633817135;0.0013283898898249014;0.003809177028479205;0.0008066836402094745
47;Scenario-3_test15_1118-1147;Scenario-3;test15;1118-1147;10;0.15;0.0396544144;100;3;500;200;5;0.7-0.1;0.03014692213497941;0.023443258968055034;0.0028345015495776977;0.0006502640461903705;0.00575375210681492;0.0011041791175498855
48;Scenario-3_test16_1197-1199;Scenario-3;test16;1197-1199;10;0.15;0.0396544144;100;3;500;200;5;0.7-0.1;0.009447188360620229;0.005916073685346375;0.007632249108688035;0.003426168407470567;0.0;0.0
49;Scenario-3_test1_97-127;Scenario-3;test1;97-127;10;0.15;0.0396544144;100;3;500;200;5;0.7-0.1;0.031872521951415066;0.021854617764461882;0.0015575521073448553;0.0003025867408760279;0.006184212503255827;0.0011379411413333337
50;Scenario-3_test2_174-204;Scenario-3;test2;174-204;10;0.15;0.0396544144;100;3;500;200;5;0.7-0.1;0.04080475584319714;0.022054486942268428;0.006904255085760005;0.003450629813981603;0.011755212612929661;0.0052386270293333335
51;Scenario-3_test3_237-265;Scenario-3;test3;237-265;10;0.15;0.0396544144;100;3;500;200;5;0.7-0.1;0.04595758723280593;0.025406170546994837;0.007015943576432476;0.00369120429865758;0.010493175637344873;0.005585780359676948
52;Scenario-3_test4_297-326;Scenario-3;test4;297-326;10;0.15;0.0396544144;100;3;500;200;5;0.7-0.1;0.03690343183589991;0.021836132482501096;0.005933341706111983;0.0030262828130722254;0.009434142212716264;0.004402450453333333
53;Scenario-3_test5_385-398;Scenario-3;test5;385-398;10;0.15;0.0396544144;100;3;500;200;5;0.7-0.1;0.012655586568331515;0.008411566590380264;0.005582586809245914;0.0020511356374907585;0.00502723573132695;0.0019088236800000008
54;Scenario-3_test6_451-480;Scenario-3;test6;451-480;10;0.15;0.0396544144;100;3;500;200;5;0.7-0.1;0.06011122932249751;0.04793118729628519;0.004254395304863247;0.001415008739445713;0.0037587851806182497;0.0009226513864746308
55;Scenario-3_test7_525-554;Scenario-3;test7;525-554;10;0.15;0.0396544144;100;3;500;200;5;0.7-0.1;0.030207647256110925;0.018878375215525857;0.004674865809339129;0.0014820609029867467;0.0068399860747248575;0.0018472710190634192
56;Scenario-3_test8_625-638;Scenario-3;test8;625-638;10;0.15;0.0396544144;100;3;500;200;5;0.7-0.1;0.024319354136771817;0.018064493432691404;0.019066511554877933;0.009502339500272263;0.008532472883707497;0.003871994226201999
57;Scenario-3_test9_685-699;Scenario-3;test9;685-699;10;0.15;0.0396544144;100;3;500;200;5;0.7-0.1;0.017965055486197336;0.014728253354588798;0.012778627177099043;0.0077473494862058635;0.009896630240535966;0.004975348384319392
58;Scenario-4_test0_21-36;Scenario-4;test0;21-36;10;0.15;0.0396544144;100;3;500;200;5;0.7-0.1;0.01467861892462572;0.010913475364552824;0.012368722145991072;0.006379008408300143;0.007732516314433354;0.004104899076829259
59;Scenario-4_test10_833-866;Scenario-4;test10;833-866;10;0.15;0.0396544144;100;3;500;200;5;0.7-0.1;0.03735415206736183;0.02004233728278223;0.0072084818535860925;0.00341132746355861;0.007132679519771597;0.0032470831500930226
60;Scenario-4_test11_928-960;Scenario-4;test11;928-960;10;0.15;0.0396544144;100;3;500;200;5;0.7-0.1;0.05080205055361187;0.03930978974592368;0.005363603354693873;0.0017802600446582962;0.002560458293802216;0.0006859155470745447
61;Scenario-4_test12_991-1024;Scenario-4;test12;991-1024;10;0.15;0.0396544144;100;3;500;200;5;0.7-0.1;0.056240257329258046;0.047692424011213715;0.005142439115535543;0.0013574590187342436;0.004426963187869011;0.0008883043458504716
62;Scenario-4_test13_1051-1080;Scenario-4;test13;1051-1080;10;0.15;0.0396544144;100;3;500;200;5;0.7-0.1;0.05009925150346779;0.03948812608907094;0.0057382010350982724;0.0020564082629171746;0.004689843510691241;0.0012725273798221254
63;Scenario-4_test14_1121-1150;Scenario-4;test14;1121-1150;10;0.15;0.0396544144;100;3;500;200;5;0.7-0.1;0.03674536980665881;0.028315722121047625;0.0036060432560506466;0.0009452155285114929;0.0033982014227864213;0.0007357121014423857
64;Scenario-4_test1_88-120;Scenario-4;test1;88-120;10;0.15;0.0396544144;100;3;500;200;5;0.7-0.1;0.04712284821429348;0.036529070502622926;0.00813990384288209;0.0024697365322715716;0.005563940648755263;0.001558615230341349
65;Scenario-4_test2_163-194;Scenario-4;test2;163-194;10;0.15;0.0396544144;100;3;500;200;5;0.7-0.1;0.014877707855117555;0.008794581862663048;0.004317753298564084;0.0012023125825352634;0.006197459311542375;0.0013742230873651398
66;Scenario-4_test3_266-278;Scenario-4;test3;266-278;10;0.15;0.0396544144;100;3;500;200;5;0.7-0.1;0.018696897281965993;0.015434278626221189;0.010728879087063275;0.0058599623758773004;0.011252692724532167;0.00492756695571621
67;Scenario-4_test4_335-364;Scenario-4;test4;335-364;10;0.15;0.0396544144;100;3;500;200;5;0.7-0.1;0.05176404451029392;0.04205693001027774;0.008999036541095589;0.002580434893761679;0.005974959615712124;0.0015548506776830622
68;Scenario-4_test5_455-487;Scenario-4;test5;455-487;10;0.15;0.0396544144;100;3;500;200;5;0.7-0.1;0.04890179809335562;0.04038222791188875;0.003626715593909063;0.001132136864791851;0.0029877863260418117;0.0006046047778516487
69;Scenario-4_test6_522-552;Scenario-4;test6;522-552;10;0.15;0.0396544144;100;3;500;200;5;0.7-0.1;0.016412576298951737;0.010460187134427954;0.005737961154798927;0.001782932911108793;0.00795551730337334;0.0020756579619675202
70;Scenario-4_test7_581-610;Scenario-4;test7;581-610;10;0.15;0.0396544144;100;3;500;200;5;0.7-0.1;0.043354452626549606;0.03253115458183281;0.003452222733289368;0.000992472900019864;0.002913538203183108;0.0006639233486852305
71;Scenario-4_test8_686-698;Scenario-4;test8;686-698;10;0.15;0.0396544144;100;3;500;200;5;0.7-0.1;0.022112486765848413;0.01756633514506658;0.014073068841244792;0.007209361485553526;0.009323245923098949;0.0044180950826212305
72;Scenario-4_test9_775-800;Scenario-4;test9;775-800;10;0.15;0.0396544144;100;3;500;200;5;0.7-0.1;0.055019555158380314;0.03246967321990258;0.006862221264602135;0.0030103668987036727;0.009757124196661521;0.004088347889230768
73;Scenario-5_test0_5-14;Scenario-5;test0;5-14;10;0.15;0.0396544144;100;3;500;200;5;0.7-0.1;0.03446095947911289;0.021153670392619683;0.006982518609545903;0.002911008533643734;0.006982381672832587;0.0029052936960000005
74;Scenario-5_test10_613-623;Scenario-5;test10;613-623;10;0.15;0.0396544144;100;3;500;200;5;0.7-0.1;0.05313430290693901;0.038568581529797516;0.0059132000176699215;0.0031178022948744138;0.0037933812435766894;0.0015747407020509183
75;Scenario-5_test11_670-679;Scenario-5;test11;670-679;10;0.15;0.0396544144;100;3;500;200;5;0.7-0.1;0.028936205747074062;0.021868583085164227;0.006308768556694872;0.0030720746529260996;0.0033912381161075394;0.001496573115248929
76;Scenario-5_test12_731-740;Scenario-5;test12;731-740;10;0.15;0.0396544144;100;3;500;200;5;0.7-0.1;0.03296878336492077;0.02630350459781401;0.009156509910111283;0.005074022254727686;0.007692251128938491;0.003012353435681317
77;Scenario-5_test13_792-802;Scenario-5;test13;792-802;10;0.15;0.0396544144;100;3;500;200;5;0.7-0.1;0.04783811950112272;0.03441851484399196;0.007739756879394324;0.004124800296429148;0.005480058853601306;0.00220895605017294
78;Scenario-5_test14_847-857;Scenario-5;test14;847-857;10;0.15;0.0396544144;100;3;500;200;5;0.7-0.1;0.02509898197440982;0.015998344454704504;0.006755543568658251;0.0035733649099955814;0.005449763451368053;0.002463370640012618
79;Scenario-5_test15_926-935;Scenario-5;test15;926-935;10;0.15;0.0396544144;100;3;500;200;5;0.7-0.1;0.028755168064638084;0.024582622395414772;0.013475911383060061;0.007172539220143943;0.00663788782372255;0.0027990533969579285
80;Scenario-5_test16_995-1005;Scenario-5;test16;995-1005;10;0.15;0.0396544144;100;3;500;200;5;0.7-0.1;0.026150779579890905;0.020263717048613135;0.012296011392025038;0.005932394448655296;0.01825722452750701;0.007233912230568994
81;Scenario-5_test17_1037-1046;Scenario-5;test17;1037-1046;10;0.15;0.0396544144;100;3;500;200;5;0.7-0.1;0.050588641862843294;0.0386714228096651;0.014167238950543693;0.006053528750498699;0.005171575409128389;0.002158877201792686
82;Scenario-5_test18_1089-1098;Scenario-5;test18;1089-1098;10;0.15;0.0396544144;100;3;500;200;5;0.7-0.1;0.022837814677901393;0.016750465792781007;0.007970663733364487;0.004086318691796943;0.006416817904707173;0.0027075585299875717
83;Scenario-5_test19_1155-1165;Scenario-5;test19;1155-1165;10;0.15;0.0396544144;100;3;500;200;5;0.7-0.1;0.05813452831463228;0.04156399585815677;0.008575613733720983;0.003960105308296444;0.004496332929697003;0.002011061177337359
84;Scenario-5_test1_68-78;Scenario-5;test1;68-78;10;0.15;0.0396544144;100;3;500;200;5;0.7-0.1;0.02244026891170297;0.015057735588256793;0.005980585171589977;0.0032455808513372443;0.0036723679347820657;0.0015794386008963432
85;Scenario-5_test2_129-140;Scenario-5;test2;129-140;10;0.15;0.0396544144;100;3;500;200;5;0.7-0.1;0.029096324876477012;0.019429663321711456;0.010627148131956494;0.003508881030610056;0.004794144631875671;0.0019532370339693053
86;Scenario-5_test3_192-202;Scenario-5;test3;192-202;10;0.15;0.0396544144;100;3;500;200;5;0.7-0.1;0.047631316405585336;0.03301457179094825;0.009606284907832996;0.004469991741274181;0.0032489667481909543;0.0014516167186458897
87;Scenario-5_test4_258-268;Scenario-5;test4;258-268;10;0.15;0.0396544144;100;3;500;200;5;0.7-0.1;0.03807864894092545;0.028640236634593454;0.005475480680451836;0.0024458498316520744;0.004182259415511624;0.0017239169451789063
88;Scenario-5_test5_324-334;Scenario-5;test5;324-334;10;0.15;0.0396544144;100;3;500;200;5;0.7-0.1;0.024120567056817224;0.019758277768290956;0.009786192664501071;0.005048054434055835;0.006744807666779706;0.0027468290465745213
89;Scenario-5_test6_370-380;Scenario-5;test6;370-380;10;0.15;0.0396544144;100;3;500;200;5;0.7-0.1;0.03155672572884571;0.022140317509421914;0.006226722503219681;0.003415945454114297;0.004731872172484252;0.0022213620718939796
90;Scenario-5_test7_430-440;Scenario-5;test7;430-440;10;0.15;0.0396544144;100;3;500;200;5;0.7-0.1;0.03424693056685805;0.025423729641744656;0.012448438066022149;0.0058831272822440555;0.006405103429389206;0.002996921214489688
91;Scenario-5_test8_500-509;Scenario-5;test8;500-509;10;0.15;0.0396544144;100;3;500;200;5;0.7-0.1;0.04120287737810461;0.03472818512217032;0.01872462517230762;0.00759570682357884;0.003912189584569974;0.0016998344762342026
92;Scenario-5_test9_572-583;Scenario-5;test9;572-583;10;0.15;0.0396544144;100;3;500;200;5;0.7-0.1;0.03588332169904793;0.028249693649541895;0.009571284600689744;0.004685883734987284;0.0032438505769143097;0.001083560062978516
93;Scenario-6_test0_21-36;Scenario-6;test0;21-36;10;0.15;0.0396544144;100;3;500;200;5;0.7-0.1;0.018384575180546845;0.013005121234191622;0.007934308526769499;0.0034991507863866935;0.010728961881440445;0.005464776400896476
94;Scenario-6_test10_766-799;Scenario-6;test10;766-799;10;0.15;0.0396544144;100;3;500;200;5;0.7-0.1;0.026467542217154395;0.019113271134641834;0.005996867300441927;0.002555512245165331;0.005522691069504285;0.0023787097790104006
95;Scenario-6_test11_827-854;Scenario-6;test11;827-854;10;0.15;0.0396544144;100;3;500;200;5;0.7-0.1;0.03534726879458285;0.0281460529822396;0.0038917839805142343;0.0015824180724538328;0.0032937984395772267;0.001140710428654226
96;Scenario-6_test12_891-922;Scenario-6;test12;891-922;10;0.15;0.0396544144;100;3;500;200;5;0.7-0.1;0.015759524890524974;0.01050238049706264;0.006192916109524785;0.002797557831971006;0.006240551873132474;0.0031929097253853077
97;Scenario-6_test13_955-982;Scenario-6;test13;955-982;10;0.15;0.0396544144;100;3;500;200;5;0.7-0.1;0.013117996251246872;0.009933583105519223;0.005700897745772438;0.0027468835421544458;0.006166623872337991;0.0028868995958707196
98;Scenario-6_test14_1048-1080;Scenario-6;test14;1048-1080;10;0.15;0.0396544144;100;3;500;200;5;0.7-0.1;0.033814448913396494;0.028082119712283096;0.006025340857328945;0.0018361980476983347;0.004350968485767218;0.0011548096519692287
99;Scenario-6_test15_1133-1162;Scenario-6;test15;1133-1162;10;0.15;0.0396544144;100;3;500;200;5;0.7-0.1;0.01453621469603646;0.010207324981641437;0.0038160027034684968;0.001751501704116102;0.004773388095377132;0.0021594348448247865
100;Scenario-6_test1_112-144;Scenario-6;test1;112-144;10;0.15;0.0396544144;100;3;500;200;5;0.7-0.1;0.02179848415124559;0.01591138394993548;0.007516018587000562;0.004519748011995126;0.006716559197672285;0.003760658007107611
101;Scenario-6_test2_201-217;Scenario-6;test2;201-217;10;0.15;0.0396544144;100;3;500;200;5;0.7-0.1;0.019280836431606847;0.01425151186391236;0.007926206362212192;0.004372817202864816;0.0066397328516753324;0.0034050305527604983
102;Scenario-6_test3_280-314;Scenario-6;test3;280-314;10;0.15;0.0396544144;100;3;500;200;5;0.7-0.1;0.026104367519747426;0.019812950369637268;0.004609876956681544;0.001488368386399608;0.004767076393886485;0.0016193123214498601
103;Scenario-6_test4_341-373;Scenario-6;test4;341-373;10;0.15;0.0396544144;100;3;500;200;5;0.7-0.1;0.025982873143547663;0.01863697691285308;0.0030822095381205744;0.0011219408503045153;0.004307086379012119;0.0014223583637502095
104;Scenario-6_test5_408-439;Scenario-6;test5;408-439;10;0.15;0.0396544144;100;3;500;200;5;0.7-0.1;0.01740337703100715;0.012716617738584244;0.0055057724247015855;0.0024369853637084015;0.006715625003242887;0.002846319144537195
105;Scenario-6_test6_478-508;Scenario-6;test6;478-508;10;0.15;0.0396544144;100;3;500;200;5;0.7-0.1;0.013600780041236408;0.009440762014770919;0.005268880782269811;0.0029316318596131273;0.008229463841010226;0.0049416747419661145
106;Scenario-6_test7_568-600;Scenario-6;test7;568-600;10;0.15;0.0396544144;100;3;500;200;5;0.7-0.1;0.031630113621594534;0.024375363516151282;0.0031387961965092556;0.0008992458440958464;0.0029720461663798117;0.0008220939036108306
107;Scenario-6_test8_646-680;Scenario-6;test8;646-680;10;0.15;0.0396544144;100;3;500;200;5;0.7-0.1;0.01575162607602035;0.01159247338554381;0.006093156283985757;0.003202055653514586;0.006628619790820442;0.003078431791949088
108;Scenario-6_test9_709-739;Scenario-6;test9;709-739;10;0.15;0.0396544144;100;3;500;200;5;0.7-0.1;0.018941284663106708;0.014070701124932618;0.0059000999127515625;0.0030577301618509105;0.00556847546310411;0.0026006625325920973
109;Scenario-7_test0_5-14;Scenario-7;test0;5-14;10;0.15;0.0396544144;100;3;500;200;5;0.7-0.1;0.04472368674670885;0.018699482340445488;8.07358744216995e-05;3.5743441931666676e-05;0.0;0.0
110;Scenario-7_test10_608-618;Scenario-7;test10;608-618;10;0.15;0.0396544144;100;3;500;200;5;0.7-0.1;0.04562204741613215;0.023547261210732574;0.00149655467884714;0.0004230552310647128;0.0014944741069276147;0.00041382342399999994
111;Scenario-7_test11_672-682;Scenario-7;test11;672-682;10;0.15;0.0396544144;100;3;500;200;5;0.7-0.1;0.03634144887196161;0.01876584670246536;0.0030474162129455287;0.0010268390484624809;0.0034776063112832503;0.001163823424
112;Scenario-7_test12_727-736;Scenario-7;test12;727-736;10;0.15;0.0396544144;100;3;500;200;5;0.7-0.1;0.013122351010553063;0.008477530631531028;0.0036920811896924534;0.0017402037584165683;0.004546244545489542;0.0017194500007966015
113;Scenario-7_test13_785-795;Scenario-7;test13;785-795;10;0.15;0.0396544144;100;3;500;200;5;0.7-0.1;0.02691445105436838;0.01505269802267858;0.0026632500634668306;0.0009206636151692316;0.001211100917842245;0.000242220183568449
114;Scenario-7_test14_851-861;Scenario-7;test14;851-861;10;0.15;0.0396544144;100;3;500;200;5;0.7-0.1;0.023264770460806748;0.016694850322020144;0.0036579746249052565;0.001701907416905194;0.0031126434673597624;0.001143851200742453
115;Scenario-7_test15_906-915;Scenario-7;test15;906-915;10;0.15;0.0396544144;100;3;500;200;5;0.7-0.1;0.021603270778849746;0.01663876276096863;0.009323557353681856;0.005324391021391163;0.0071979103487279815;0.0027275834655589425
116;Scenario-7_test16_966-976;Scenario-7;test16;966-976;10;0.15;0.0396544144;100;3;500;200;5;0.7-0.1;0.012687798158544957;0.00954307466474849;0.0048976482393571505;0.0022447377828272597;0.00399609021029697;0.0017414702719999997
117;Scenario-7_test17_1027-1037;Scenario-7;test17;1027-1037;10;0.15;0.0396544144;100;3;500;200;5;0.7-0.1;0.02305497036278064;0.015450647936910217;0.00605986769326988;0.003149738674940871;0.004211034346535134;0.0014794077276564883
118;Scenario-7_test18_1085-1095;Scenario-7;test18;1085-1095;10;0.15;0.0396544144;100;3;500;200;5;0.7-0.1;0.013634769504231124;0.007290364263317287;0.0032293929584598998;0.0015031760094255566;0.00467038356295373;0.0019052936959999996
119;Scenario-7_test19_1145-1154;Scenario-7;test19;1145-1154;10;0.15;0.0396544144;100;3;500;200;5;0.7-0.1;0.03193000829462386;0.01650701774170219;0.0021913685398629794;0.0007944042577009202;0.001767766952966369;0.0005
120;Scenario-7_test1_67-76;Scenario-7;test1;67-76;10;0.15;0.0396544144;100;3;500;200;5;0.7-0.1;0.037761912672066356;0.020906943519674252;0.0012309192184201644;0.0002670245241220053;0.00176776695296637;0.0005000000000000002
121;Scenario-7_test2_129-138;Scenario-7;test2;129-138;10;0.15;0.0396544144;100;3;500;200;5;0.7-0.1;0.019694552518976255;0.01381421356756898;0.005059927679333267;0.0021648113334002536;0.0028420412580668483;0.0010776468480000001
122;Scenario-7_test3_185-194;Scenario-7;test3;185-194;10;0.15;0.0396544144;100;3;500;200;5;0.7-0.1;0.023103904444082023;0.009814816161056294;0.003730048182913019;0.0007752905288985817;0.0020691171199999996;0.00041382342399999994
123;Scenario-7_test4_248-258;Scenario-7;test4;248-258;10;0.15;0.0396544144;100;3;500;200;5;0.7-0.1;0.011881568311250366;0.00841027316359482;0.005515424180315348;0.002616276140487859;0.003130150324168972;0.0011911274868097407
124;Scenario-7_test5_305-314;Scenario-7;test5;305-314;10;0.15;0.0396544144;100;3;500;200;5;0.7-0.1;0.03701984753531273;0.019708290515861628;0.0017707396558469337;0.0005241327996914379;0.0030618621784789745;0.0010000000000000005
125;Scenario-7_test6_365-374;Scenario-7;test6;365-374;10;0.15;0.0396544144;100;3;500;200;5;0.7-0.1;0.03187109243402027;0.019658682556654636;0.008638123902693775;0.004221045140665203;0.006647434768876652;0.002835337817010079
126;Scenario-7_test7_427-436;Scenario-7;test7;427-436;10;0.15;0.0396544144;100;3;500;200;5;0.7-0.1;0.04103805120900159;0.021267679792273175;0.0035311575767084085;0.0010316775406876174;0.0035355339059327377;0.0009999999999999998
127;Scenario-7_test8_486-496;Scenario-7;test8;486-496;10;0.15;0.0396544144;100;3;500;200;5;0.7-0.1;0.013140824366383948;0.01035273596502628;0.007010462928159462;0.0031515771594915662;0.0039121367200498375;0.0015542725867471396
128;Scenario-7_test9_552-562;Scenario-7;test9;552-562;10;0.15;0.0396544144;100;3;500;200;5;0.7-0.1;0.012278997365383872;0.007098980169724043;0.005426150803914205;0.001770068037871647;0.00556792803193713;0.0019914702719999997
129;Scenario-8_test0_21-37;Scenario-8;test0;21-37;10;0.15;0.0396544144;100;3;500;200;5;0.7-0.1;0.05009251715967743;0.03771706381872546;0.012975235747921627;0.006020543800422884;0.008436046331755973;0.004272509015951945
130;Scenario-8_test10_819-850;Scenario-8;test10;819-850;10;0.15;0.0396544144;100;3;500;200;5;0.7-0.1;0.028075688765434478;0.021223207982753192;0.011378358635219538;0.003823588047875458;0.0011743465612159105;0.00021996258411193065
131;Scenario-8_test11_894-927;Scenario-8;test11;894-927;10;0.15;0.0396544144;100;3;500;200;5;0.7-0.1;0.03683080394839232;0.027214517500140756;0.01149566677647208;0.0061631862123819655;0.010607482589640088;0.005613361892751376
132;Scenario-8_test12_955-988;Scenario-8;test12;955-988;10;0.15;0.0396544144;100;3;500;200;5;0.7-0.1;0.0352665387582183;0.02695228471431787;0.012300776441478131;0.0075062914178007254;0.015193447987472993;0.008166733904535414
133;Scenario-8_test13_1019-1051;Scenario-8;test13;1019-1051;10;0.15;0.0396544144;100;3;500;200;5;0.7-0.1;0.023164592610846167;0.01893891889185661;0.01744373883192179;0.011473041403725227;0.015535904923669382;0.009785965525131887
134;Scenario-8_test14_1116-1147;Scenario-8;test14;1116-1147;10;0.15;0.0396544144;100;3;500;200;5;0.7-0.1;0.038857404154118674;0.03141071505812157;0.001500286258660366;0.0004778461084071258;0.0008064016170595095;0.00012537167446604393
135;Scenario-8_test15_1184-1199;Scenario-8;test15;1184-1199;10;0.15;0.0396544144;100;3;500;200;5;0.7-0.1;0.027758487462538648;0.021382283059415752;0.012176628462548864;0.005508520841303006;0.01148608741391476;0.004055483834756817
136;Scenario-8_test1_103-136;Scenario-8;test1;103-136;10;0.15;0.0396544144;100;3;500;200;5;0.7-0.1;0.030251348137464103;0.022489127318599218;0.006188655440948273;0.002342287375303835;0.007473409020238605;0.0027207601120716983
137;Scenario-8_test2_211-240;Scenario-8;test2;211-240;10;0.15;0.0396544144;100;3;500;200;5;0.7-0.1;0.038075062751512484;0.028312573336108923;0.008410937263929835;0.002880704127589608;0.0;0.0
138;Scenario-8_test3_274-307;Scenario-8;test3;274-307;10;0.15;0.0396544144;100;3;500;200;5;0.7-0.1;0.027270901160290288;0.02206476353061212;0.005911951601638611;0.0018480934820301854;7.914343623076166e-05;8.584310927440373e-06
139;Scenario-8_test4_355-385;Scenario-8;test4;355-385;10;0.15;0.0396544144;100;3;500;200;5;0.7-0.1;0.028436397668367724;0.02258863884345739;0.009007970140555176;0.00499887021400468;0.010307138553074897;0.005482133759918603
140;Scenario-8_test5_453-480;Scenario-8;test5;453-480;10;0.15;0.0396544144;100;3;500;200;5;0.7-0.1;0.02072233685386545;0.01628609925152407;0.003915155592139094;0.001166709304182516;0.0;0.0
141;Scenario-8_test6_522-552;Scenario-8;test6;522-552;10;0.15;0.0396544144;100;3;500;200;5;0.7-0.1;0.030311003638966365;0.021691844324408554;0.008998965103786172;0.0034132069871224712;0.008441110160613925;0.002566679004117249
142;Scenario-8_test7_589-617;Scenario-8;test7;589-617;10;0.15;0.0396544144;100;3;500;200;5;0.7-0.1;0.04226042657104437;0.03192381163120835;0.01044778217898056;0.004530450308057511;0.007538331935772873;0.0035220401910115444
143;Scenario-8_test8_681-696;Scenario-8;test8;681-696;10;0.15;0.0396544144;100;3;500;200;5;0.7-0.1;0.053238628270121637;0.04426461617631102;0.02056533546086179;0.010870595018488735;0.007306682257824173;0.003364695600573857
144;Scenario-8_test9_755-784;Scenario-8;test9;755-784;10;0.15;0.0396544144;100;3;500;200;5;0.7-0.1;0.02982936353353163;0.022939722242823833;0.003623353955019761;0.0008385832709888112;0.0;0.0
